produit;type
18e du Mois;Objet
1. Fromage (1/2 Planche);Food - salé
6 SOUS-BOCKS;Objet
90BPM - Battlestar Galaxitra;Bière - bouteille
90BPM - confiture de l'espace;Bière - bouteille
90BPM - Mazout;Bière - bouteille
90BPM - Mister Fraise;Bière - bouteille
Adhésion;Adhésion
Adhésion 2€;Adhésion
Adhésion 5€;Adhésion
Aeblerov - Cox I Paeren;Bière - bouteille
Agent Modérateur;Bière - sans alcool
Agent Provocateur - 75cl;Bière - bouteille
Agent Provocateur;Bière - bouteille
Ag Prov - DEMI;Bière - pression
Ag Prov - PINTE;Bière - pression
Alabama - DEMI;Bière - pression
Alabama - GALOPIN;Bière - pression
Alabama - PINTE;Bière - pression
Allongé;Café
Ambrée - DEMI;Bière - pression
Ambrée - GALOPIN;Bière - pression
Ambrée - PINTE;Bière - pression
Amic'Ale;Bière - bouteille
Antipodes - spiritueux;Bière - bouteille
Apéro Cantal;Food - salé
Apex - DEMI;Bière - pression
Apex - GALOPIN;Bière - pression
Apex - PINTE;Bière - pression
Archipel - Kombucha;soft - soda
Archipel - Kombucha feuille de figue;Soft - soda
Assommoir;Bière - bouteille
Athelic - All Out Stout;Bière - bouteille
AUTRE       - 12.5cl;Bière - pression
AUTRE       - 25cl;Bière - pression
AUTRE - 25cl;Bière - pression
AUTRE       - 50cl;Bière - pression
Autres - DEMI;Bière - pression
Autres - GALOPIN;Bière - pression
Autres - PINTE;Bière - pression
Azvex - False Color;Bière - bouteille
Baba Berlin;Bière - bouteille
Bapbap - Bang Bang;Bière - sans alcool
BapBap - Chimère Rouge;Bière - bouteille
BapBap - Opale Pinot Noir;Bière - bouteille
Barco - Bière Commune Bt;Bière - bouteille
BAVIK - 12.5cl;Bière - pression
BAVIK - 25cl;Bière - pression
BAVIK - 50cl;Bière - pression
Bavik  - DEMI;Bière - pression
Bavik  - GALOPIN;Bière - pression
Bavik  - PINTE;Bière - pression
Beaujolais du moment;Vin
Beaujolais nouveau Nez;Vin
Beaujolais;Vin
Bendorf - A l'ombre des pensées;Bière - bouteille
Bendorf - Eurodance;Bière - bouteille
Bendorf - Maison Citoyenne;Bière - bouteille
Bendorf - Retour du givre;Bière - bouteille
Bendorf - Retour du Givre Citron Basilic;Bière - bouteille
Bendorf - Service !;Bière - bouteille
Bendorf - This is hop less;Bière - bouteille
BFM - Indjana Sid Sour;Bière - bouteille
BFM - Indjiana;Bière - bouteille
Bière bt promo emporter;Bière - bouteille
Bière can promo emporter;Bière - bouteille
Bière Commune Bt;Bière - bouteille
Bière Commune Bt /place;Bière - bouteille
Bière Commune - DEMI;Bière - pression
Bière Commune - GALOPIN;Bière - pression
Bière Commune - PINTE;Bière - pression
BL - A bouche que veux tu - Bouteille;Vin
BL - A bouche que veux tu - Verre;Vin
Black Market;Bière - bouteille
Black Pig - DEMI;Bière - pression
Black Pig - GALOPIN;Bière - pression
Black Pig - PINTE;Bière - pression
Blanc/Bouteille (Verre);Vin
Blanc/Cubi - Pichet - 50cl;Vin
Blanc/Cubi (Verre);Vin
BLANCHE - 12.5cl;Bière - pression
BLANCHE - 25cl;Bière - pression
BLANCHE - 50cl;Bière - pression
Blanche - DEMI;Bière - pression
Blanche - GALOPIN;Bière - pression
Blanche - PINTE;Bière - pression
BL - Anjou Tonelle - Verre;Vin
BL - Barouillet blanc;Vin
BL - Barouillet;Vin
BL - Bouteille - Verre;Vin
BL - Chateau Targé - Bouteille;Vin
BL - Château Targé - Verre;Vin
BL - Classic - Muscadet;Vin
BL - Cubi - Verre;Vin
Blech Brut – Who Will Buy;Bière - bouteille
BL - Gournier Cevennes - Pichet 50cl;Vin
BL - Gournier Cevennes - Verre;Vin
BL - Granite - l'Ecu - Bouteille;Vin
BL - Granite - l'Ecu - Muscadet;Vin
BL - Granite - L'Ecu - Verre;Vin
BL - Granite - L'Ecu;Vin
BL - Hautes Terres;Vin
BL - La Java des Entrefaux - Verre;Vin
BL - La Java Viognier;Vin
BL - Les Agudes - Verre;Vin
BL - Les Fresnettes - Chateau Targé;Vin
BL - Les Perrières - Bouteille;Vin
BL - Les Perrières - Verre;Vin
BL - Les Pierrères - Bouteille;Vin
BL - Les Pierrères - Verre;Vin
BL -  Le temps est venu - Bouteille;Vin
BL -  Le temps est venu Verre;Vin
BL - Mon Ptit Pithon - Bouteille;Vin
Blonde - DEMI;Bière - pression
Blonde - GALOPIN;Bière - pression
Blonde - PINTE;Bière - pression
BL - Petit Roubié - Pichet 50 cl;Vin
BL - Petit Roubié - Verre;Vin
BL - Pithon Catalanes - Verre;Vin
BL - Pommia Bourgogne Blanc - Bouteille;Vin
BL - Pommia Bourgogne blanc - Verre;Vin
BL - R. Dufaitre - Bouteille;Vin
BL - R. Dufaitre - Verre;Vin
BL - Saumur - Bouteille;Vin
BL - Saumur - Verre;Vin
Boisson coutant;Bière - bouteille
Bon dégustation vin;Vin
Bon Matin;Bière - bouteille
BOS Citron;Soft - soda
BOS Citron Vert - Gingembre;Soft - soda
BOS Mûre;Soft - soda
BOS Pêche;Soft - soda
Boundary - Existential Angst;Bière - bouteille
Boundary - Toutes;Bière - bouteille
Boundary - Very Unique;Bière - bouteille
Bouteille vin standard;Vin
Braukunste – Uitbuiken;Bière - bouteille
Brewski - Frosty;Bière - bouteille
Brownie;Food - sucré
BTe Bière Commune;Bière - bouteille
Café Crème;Café
Café Filtre;Café
Cake;Food - sucré
Cake salé;Food - sucré
C.Allan - Agent Provocateur - 33cl;Bière - bouteille
C.Allan - Psychédélia - 33cl;Bière - bouteille
Cambier - Mongy Saison Bio;Bière - bouteille
Cambier - NewFrenchIPA;ière - bouteille
Cambier - New French IPA;Bière - bouteille
Cambier - Reserva;Bière - bouteille
Cambier - Sabro Tonka;Bière - bouteille
Cambier x Piggy - Sabro Tonka;Bière - bouteille
Camomille;Thé - infusion
Can coutant;Bière - bouteille
Cascadeuse;Bière - bouteille
Cerberus;Bière - bouteille
ChariTea black;Soft - soda
ChariTea green;Soft - soda
ChariTea maté;Soft - soda
ChariTea Maté;Soft - soda
ChariTea mint;Soft - soda
ChariTea red;Soft - soda
ChariTea;Soft - soda
ChariTea Thé Noir;Soft - soda
ChariTea Thé Rouge;Soft - soda
ChariTea Thé Vert;Soft - soda
Château Roc - Cuvée Amphora 2015 - Bouteille;Vin
Chateau Rouge;Vin
CH - Champagne Devaux;Vin
CH - Champagne Magelie;Vin
Choco avoine;Thé - infusion
Chocolat lait végétal;Thé - infusion
Chocolat;Thé - infusion
Chorizo;Food - salé
Cide extra-brut bio - Appie;Cidre
Cide houblonné bio - Appie;Cidre
Cidre - bouteille 33cl;Cidre
Cidre brut bio - Le P'tit Fausset;Cidre
Cidre - Vergers d'Ohain;Cidre
Cidre - Verre;Cidre
Citron Vert LemonAid;Soft - soda
Classic Chai;Thé - infusion
Coconino - Moonlight;Bière - bouteille
Colonel Moutarde;Bière - bouteille
Communard Cassis;Vin
Communard Mûres;Vin
Communard Mûre;Vin
Commune Louve - 12.5cl;Bière - pression
Commune Louve - 25cl;Bière - pression
Commune Louve - 50cl;Bière - pression
Cookie;Food - sucré
Craig Allan - Agent Modérateur;Bière - sans alcool
Craig Allan - Cuvée d'Oscar;Bière - bouteille
Crazy IPA - DEMI;Bière - pression
Crazy IPA - GALOPIN;Bière - pression
Crazy IPA - PINTE;Bière - pression
Crème;Café
Crème vegetal;Café
Crème végétal;Café
Dalva;Bière - bouteille
Darjeeling GFOP;Thé - infusion
Darjeeling;Thé - infusion
Débauche - Black Ale India;Bière - bouteille
Débauche - Cognac Barrel;Bière - bouteille
Débauche - Cute & Sober;Bière - bouteille
Débauche - Double Belge;Bière - bouteille
Décapsuleur Barco;Objet
DECAPSULEUR;Objet
Demi-Planche Fromage;Bière - pression
Dilettante - Est Coast French DIPA;Bière - bouteille
Dilettante - Give Pils A Chance;Bière - bouteille
Dilettante - Kveik Rye Session IPA Citra x Mosaic;Bière - bouteille
Dilettante- Sale Gose;Bière - bouteille
Dilettante - Serge;Bière - bouteille
Domaine de la Bergerie - Anjou Blanc Sous la Tonnelle 2015 - Bouteille;Vin
Double Expresso;Café
Dr Meuh Ginger;Soft - soda
Dr meuh;Soft - soda
Dry Stout;Bière - bouteille
Earl Grey;Thé - infusion
Eau de Perrier;Soft - eau
Ecocup Barco;Objet
Effet Papillon- Brett Series;Bière - bouteille
Eik&Tid - Krypto Foeder Aged;Bière - bouteille
English Breakfast;Thé - infusion
Ephémère - DEMI;Bière - pression
Ephémère - GALOPIN;Bière - pression
Ephémère - PINTE;Bière - pression
Ernestine;Bière - bouteille
Ernestine - DEMI;Bière - pression
Ernestine - GALOPIN;Bière - pression
Ernestine - PINTE;Bière - pression
Etoile du Nord;Bière - bouteille
Être - Cerberus;Bière - bouteille
Être - Chanoir;Bière - bouteille
Etre - Cruelle;Bière - bouteille
Être - Ipanema;Bière - bouteille
Être - Linneaus;Bière - bouteille
Etre - Linneaus;Bière - bouteille
Etre - Oliphant;Bière - bouteille
Être - Parum osculum;Bière - bouteille
Etre - Saison De Magellan;Bière - bouteille
Être - Salamandra;Bière - bouteille
Être - Triplex Coffea Dementia;Bière - bouteille
EXPRESS - 12.5cl;Bière - pression
EXPRESS - 25cl;Bière - pression
EXPRESS - 50cl;Bière - pression
Express - DEMI;Bière - pression
Express - GALOPIN;Bière - pression
Expresso;Café
Express - PINTE;Bière - pression
Fauve - 400coups;Bière - bouteille
Fauve - French Bisou;Bière - bouteille
Fauve - Rejaillir le feu;Bière - bouteille
Fauve - Sous le Noir Firmament;Bière - bouteille
Féond;Bière - bouteille
Flamberge Vieillie;Bière - bouteille
Flügge - Georg 1. 2020;Bière - bouteille
Fritons;Food - salé
Fromage (1/2 Planche);Food - salé
Fromage (Planche);Food - salé
Fruit de la Passion LemonAid;Soft - soda
Galibot - IPL;Bière - bouteille
GdO - Bonita;Bière - bouteille
GdO - Boucané;Bière - bouteille
GdO - Brutal;Bière - bouteille
GdO - Glod Orm;Bière - bouteille
GdO - Hiram;Bière - bouteille
GdO - La Chapelle;Bière - bouteille
GdO - La Source (Montagnarde);Bière - bouteille
GdO - Le roi des mouches;Bière - bouteille
GdO - Louise;Bière - bouteille
GdO - Mercure;Bière - bouteille
GdO - Miimosa;Bière - bouteille
GdO - Petite Pigalle;Bière - bouteille
GdO - Petit Grain;Bière - bouteille
GdO - Phenix;Bière - bouteille
GdO - Succube;Bière - bouteille
GdO - Yasamin;Bière - bouteille
Gd Paris - A l'ouest;Bière - bouteille
Gd Paris - Citra Galactique;Bière - pression
Gd Paris - Citra Galactique Can;Bière - pression
Gd Paris - Colorado Dream;Bière - bouteille
Gd Paris - Ground Concombre;Bière - bouteille
Gd Paris - High & Better;Bière - bouteille
Gd Paris - IPA Citra Pamplemousse;Bière - bouteille
Gd Paris - Lemon Submarine;Bière - bouteille
Gd Paris - Mokuanot can;Bière - bouteille
Gd Paris - Nice To Meet You;Bière - bouteille
Gd Paris - Presse Framboise;Bière - bouteille
Gd Paris – Rey Monelso;Bière - bouteille
Gd Paris - Smoke on the water;Bière - bouteille
Gd Paris - So Easy2;Bière - bouteille
Gd Paris - So Easy;Bière - bouteille
Gd Paris - Stratasaic;Bière - pression
Gd Paris - Wrath of the Math;Bière - bouteille
Ginette - DEMI;Bière - pression
Ginette - PINTE;Bière - pression
Ginger LemonAid;Soft - soda
Goutte d'or - Brutal;Bière - bouteille
Goutte d'or - La Chapelle;Bière - bouteille
Goutte d'or - Petit Grain;Bière - bouteille
Grande Assiette;Food - salé
Grand Paris - Chef  un canon;Bière - bouteille
Grand Paris - Colorado Dream;Bière - bouteille
Grand Paris - Old alliance;Bière - bouteille
Herbe Bleue;Bière - bouteille
Herbe bleue - DEMI;Bière - pression
Herbe Bleue - PINTE;Bière - pression
Hespebay - Bergamonk;Bière - bouteille
Hespebay - Brume Kong;Bière - bouteille
Hespebay - Dada Doré;Bière - bouteille
Hespebay - Ocean Bey;Bière - bouteille
Hespebay - Saison Gégé;Bière - bouteille
Hoppy Road - Ashiitake;Bière - bouteille
Hoppy Road - Belleville Remix;Bière - bouteille
HoppyRoad - Belleville Remix;Bière - bouteille
Hoppy Road - Black Vortex;Bière - bouteille
HoppyRoad - Black Vortex;Bière - bouteille
HoppyRoad - Flamingo;Bière - bouteille
HoppyRoad - Peekaboo;Bière - bouteille
Houmous - Aubergine;Food - salé
HR - Bettle Juice;Bière - bouteille
HR - Hazy Rider;Bière - bouteille
India Project Ale;Bière - bouteille
IPA - DEMI;Bière - pression
IPA - GALOPIN;Bière - pression
IPA - PINTE;Bière - pression
Iron - Double India Black Lager;Bière - bouteille
Iron - Golgoth;Bière - bouteille
Iron - Imperial Stout BA Cerise;Bière - bouteille
Iron - Sour Goyave Tomate Basilic Citron;Bière - bouteille
Jasmin;Thé - infusion
Jenlain Ambrée - DEMI;Bière - pression
Jenlain Ambrée - GALOPIN;Bière - pression
Jenlain Ambrée - PINTE;Bière - pression
Jenlain Blanche- DEMI;Bière - pression
Jenlain Blanche - PINTE;Bière - pression
Jenlain - GALOPIN;Bière - pression
Jus de Fruit;Soft - jus
Jus de pomme;Soft - jus
Jus de raisin rouge;Soft - jus
Jus de tomate;Soft - jus
Jus d'orange pressé;Soft - jus
Jus d'orange;Soft - jus
Jus pomme-ananas;Soft - jus
Jus pomme-gingembre;Soft - jus
Jus pomme-orange;Soft - jus
Jus pomme-rhubarbe;Soft - jus
Kia Ora;Soft - soda
Kir Cassis;Vin
Kir Mûre;Bière - bouteille
Kir Mûres;Vin
La Chapelle;Bière - bouteille
La planche commune;Food - salé
Lapsang Souchong;Thé - infusion
La P'tite Maiz' - Allez bisous;Bière - bouteille
La P'tite Maiz' - Goat Me a Stout;Bière - bouteille
La P'tite Maiz' – Green Fingers;Bière - bouteille
La P'tite Maiz' - Independance Bay;Bière - bouteille
La P'tite Maiz' – Kveik Me Up;Bière - bouteille
La P'tite Maiz' – Senorita Mariposa;Bière - bouteille
La P'tite Maiz' - Zapoï;Bière - bouteille
La Soif du Carrier;Bière - bouteille
Lemonaid citron vert;Soft - soda
Lemonaid fruit de la passion;Soft - soda
Lemonaid gingembre;Soft - soda
Lemonaid orange sanguine;Soft - soda
LemonAid;Soft - soda
Les petits;Bière - bouteille
Love craft Caladan;Bière - bouteille
Love craft Distorsion;Bière - bouteille
Luck;Bière - bouteille
Maline;Bière - bouteille
Malpolon - Maitre Iodé;Bière - bouteille
Malpolon - Quart de rouge;Bière - bouteille
Malpolon - Rye de Smoke;Bière - bouteille
Malpolon - Saison Maison#1;Bière - bouteille
Meringue;Food - sucré
Meringue IPA;Bière - bouteille
Meuh Cola pirate;Soft - soda
Meuh Cola roseline;Soft - soda
Meuh Cola;Soft - soda
Meuh Cola transparent;Soft - soda
Miimosa;Thé - infusion
MONACO - 25cl;Bière - pression
MONACO - 50cl;Bière - pression
Monaco - DEMI;Bière - pression
Monaco - PINTE;Bière - pression
Montagnarde - La Friluftsliv;Bière - bouteille
Mug Barco;Objet
MUG Barco;Objet
Myhra;Bière - bouteille
Myrha - DEMI;Bière - pression
Myrha - PINTE;Bière - pression
Noisette;Café
Noisette végétal;Café
Oddity - He got the tunes;Bière - bouteille
Oliphant - DEMI;Bière - pression
Oliphant - PINTE;Bière - pression
Orange Sanguine LemonAid;Soft - soda
Orange;Soft - jus
OrBitter - DEMI;Bière - pression
OrBitter - PINTE;Bière - pression
Outland - Dad Stout;Bière - bouteille
Outland - Prima Stagione;Bière - bouteille
Pack 4 Bière Commune;Bière - bouteille
Pack 4 Bière Commune / Ecocup;Bière - bouteille
Pain d'épices (3 tranches);Food - sucré
Pain d'épices (4 tranches);Food - sucré
PANACHE - 25cl;Bière - pression
PANACHE - 50cl;Bière - pression
Panaché - DEMI;Bière - pression
Panaché - PINTE;Bière - pression
Paris Cola - 25cl;Soft - soda
Patakrep;Bière - bouteille
Paté Campagne;Food - salé
Paté de Campagne;Food - salé
Pâté de Campagne;Food - salé
Pâté/Fritons;Food - salé
Patisserie Orientale;Food - sucré
PBW - DEMI;Bière - pression
PBW - PINTE;Bière - pression
Pétillant sans alcool;Bière sans alcool
Petite Pigalle;Bière - bouteille
Petite Princesse - DEMI;Bière - pression
Petite Princesse - PINTE;Bière - pression
Piggy - Beerlander;Bière - bouteille
Piggy - Chasse;Bière - bouteille
Piggy - Eroica;Bière - bouteille
Piggy - Even More Thirsty;Bière - bouteille
Piggy - Gold Coast;Bière - bouteille
Piggy - Gose Fumée;Bière - bouteille
Piggy - Lager time;Bière - bouteille
Piggy - Oreka;Bière - bouteille
Piggy - Perle Rare;Bière - bouteille
Piggy - Pick Me Up;Bière - bouteille
Piggy - Rebel Monk I;Bière - bouteille
Piggy - Smoked Serie #1 IPA;Bière - bouteille
Piggy - Smoked Serie #1 IPA fumée;Bière - bouteille
Piggy - Smoked Serie #2 Gose Fumée;Bière - bouteille
Piggy - Xmas Miracle;Bière - bouteille
Pimp;Bière - bouteille
Planche Commune;Food - salé
Planche Fromage;Food - salé
Planche Végétarienne;Food - salé
PL - Conteuse de Lune;Bière - bouteille
PL - Eclipses 2021 Saison Mirabelle;Bière - bouteille
PL - Lunaski;Bière - bouteille
PL - Lunette;Bière - bouteille
PL - Lunième;Bière - bouteille
PL - Moon Boots;Bière - bouteille
PL - My Darling Clementine;Bière - bouteille
PL - Shiro;Bière - bouteille
PMA;Bière - bouteille
Põhjala - Prenzlauer 0;Bière - bouteille
Põhjala - Tundra;Bière - bouteille
Poire;Soft - jus
Pomme-Ananas;Soft - jus
Pomme-Cerise;Soft - jus
Pomme-Orange;Soft - jus
Pomme-Rhubarbe;Soft - jus
Pomme;Soft - jus
Popihn - Icauna;Bière - bouteille
Popihn - Icauna can;Bière - bouteille
Popihn Imp Baltic Porter Clémentine;Bière - bouteille
Popihn - Test of permanent neipa;Bière - bouteille
Pop Maté framboise;Soft - soda
Pop Maté gingembre;Soft - soda
Pop Maté original;Soft - soda
Pravda - Lviv dark ale;Bière - bouteille
Prosecco bouteille;Vin
Prosecco verre;Vin
Prosecco;Vin
Psychédélia - 75cl;Bière - bouteille
Psychédélia;Bière - bouteille
P'tite Maiz' - Zapoï;Bière - bouteille
P'tite Rouquine;Bière - bouteille
Québecoises;Bière - bouteille
Raisin Rouge;Soft - jus
Red/Bouteille (Verre);Vin
Red/Cubi - Pichet 50 cl;Vin
Red/Cubi (Verre);Vin
Revente denrée périssable;Autre
RG - Amphora Castillon - Verre;Vin
RG - Bergecrac Barouillet;Vin
RG - Beur dans les Pinards;Vin
RG - Bouteille - Verre;Vin
RG - Brouilly G.Descombes - Bouteille;Vin
RG - Brouilly G.Descombes - Verre;Vin
RG - Château Combel - Bouteille;Vin
RG - Château Combel - Verre;Vin
RG - Chenas Les Carrières - Bouteille;Vin
RG - Chenas Les Carrières - Verre;Vin
RG - Chirouble D.Coquelet - Bouteille;Vin
RG - Chirouble D.Coquelet - Verre;Vin
RG - Cubi - Verre;Vin
RG - Du Beur dans les Pinards Bouteille;Vin
RG - Ermitage Pic St Loup - Verre;Vin
RG - Ermitage Pic St Loup;Vin
RG - Estampes Coquelicot;Vin
RG - Gournier Cevennes - Pichet 50cl;Vin
RG - Gournier Cevennes - Verre;Vin
RG - La Compagnon Ledogar - Bouteille;Vin
RG - La Compagnon Ledogar;Vin
RG - Larcin Barouillet - Bouteille;Vin
RG - Larcin Barouillet;Vin
RG - Morgon G.Descombes;Vin
RG - Morgon J.Chamonard - Bouteille;Vin
RG - Morgon J.Chamonard - Verre;Vin
RG - Moulin à Vent Foudres - Bouteille;Vin
RG - Moulin à Vent Foudres - Verre;Vin
RG - Petit Roubié - Pichet 50 cl;Vin
RG - Petit Roubié - Verre;Vin
RG - Pithon 357;Vin
RG - Pothiers - Bouteille;Vin
RG - Pothiers Roannaise - Verre;Vin
RG - Raisins Gaulois - Lapierre;Vin
RG - Raisins Gaulois - M.Lapierre - Bouteille;Vin
RG - Raisins Gaulois - Verre;Vin
RG - Rouge cocagne;Vin
RG - Rouge Cocagne;Vin
RG - Sourire au Naturel - Beaujolais;Vin
RG - Syrah d'Ogier - Bouteille;Vin
RG - Syrah D'Ogier - Verre;Vin
RG - Taiut - Cri de l'araignée;Vin
RG - Taiut - Cri de l'Araignée;Vin
RG - XB 2018;Vin
Rillettes de Porc;Food - salé
Rillettes de Saumon;Food - salé
Rillettes d'oie;Food - salé
Rillettes;Food - salé
Rillettes poisson;Food - salé
Rillettes Porc;Food - salé
Rillettes Saumon;Food - salé
Rooibos Fleur d’Oranger;Thé - infusion
Rooibos Honeybush;Thé - infusion
Rosé/Bouteille (Verre);Vin
Rosé/Cubi - Pichet 50 cl;Vin
Rosé/Cubi (Verre);Vin
Rotten Christmas;Bière - bouteille
Rouge/Bouteille (Verre);Vin
Rouge/Cubi - Pichet 50 cl;Vin
Rouge/Cubi (Verre);Vin
Rouge Flamande;Bière - bouteille
RS - Bouteille - Verre;Vin
RS - Cubi - Verre;Vin
RS - Petit Roubié - Pichet 50 cl;Vin
RS - Petit Roubié - Verre;Vin
RS - Pic Saint Loup - Bouteille;Vin
RS - Pic Saint Loup - Verre;Vin
RS - Rosé de Cocagne - Bouteille;Vin
RS - Rosé de Cocagne - Verre;Vin
Sainte Cru - Barrique mécanique;Bière - bouteille
Saint-Nectaire;Food - salé
Saison Chemin de Fer;Bière - bouteille
Saison De Magellan;Bière - bouteille
Salamandra aux fruits;Bière - bouteille
Salamandra;Bière - bouteille
SANS ALCOOL - 12.5cl;Bière sans alcool
SANS ALCOOL - 25cl;Bière sans alcool
SANS ALCOOL - 50cl;Bière sans alcool
Saucisse Séche;Food - salé
Saucisse Sèche;Food - salé
Shortbread;Bière - bouteille
Siren - Furthest City Light;Bière - bouteille
Siren - Nepenthe;Bière - bouteille
Sirop;Soft - eau
Soeur de la Côte;Bière - bouteille
Soft promo emporter;Soft - soda
Spore - Apex;Bière - bouteille
Spore Apex;Bière - bouteille
Spore - Bouissé Sauvage;Bière - bouteille
Spore - Coral;Bière - bouteille
Spore Coral;Bière - bouteille
Spore - Imago;Bière - bouteille
Spore - Nebi;Bière - bouteille
Spore - Saisonette;Bière - bouteille
Spore - Saison Surette;Bière - bouteille
Spore - Taheebo;Bière - bouteille
Spore - Treis Tounya Framboise;Bière - bouteille
Ste Cru - Santa crue micro ale 0 8%;Bière - bouteille
Ste Cru - Santa crue micro ale 0,8%;Bière - bouteille
Ste Cru – Santa Crüe Serie DIP + Dry Hopped Oatmeal IPA;Bière - bouteille
Ste Cru - Soft Power;Bière - bouteille
Succube;Bière - bouteille
Sulauze - Burly;Bière - bouteille
Sulauze - Satourne;Bière - bouteille
Supp Sirop;Soft - eau
Sup. Sirop;Soft - eau
Sweet Ganesh;Bière - bouteille
Tablier;Objet
Tartine;Food - sucré
Thé - Infusion;Thé - infusion
Ti-Lo - cidre brut AB;Cidre
Ti-Lo - cidre IPA AB;Cidre
To Øl - Implosion;Bière - sans alcool
To Ol - Implosion;Bière - sans alcool
To Øl - Implosion Lager;Bière - bouteille
To Ol - Lowmotion pink;Bière - bouteille
Tote Bag;Objet
Triplex Coffea Dementia;Bière - bouteille
TrueBrew - Home Grown;Bière - bouteille
TrueBrew - Sundaze;Bière - bouteille
T-shirt;Objet
Typhon;Bière - bouteille
UMA - Energie;Soft - soda
Urbex Occurens Obscura;Bière - bouteille
Val Gazeuse 25cl;Soft - eau
Val gazeuse 50cl;Soft - eau
Val Gazeuse;Soft - eau
Val Limonade;Soft - soda
Valmy IPA - DEMI;Bière - pression
Valmy IPA - GALOPIN;Bière - pression
Valmy IPA - PINTE;Bière - pression
Val Tonic - 25cl;Soft - eau
Verre de Limonade + sirop;Soft - soda
Verre de Val Limonade;Soft - soda
Verre jus d'Orange;Soft - jus
Verre les pièces longues;Vin
Verre vin standard;Vin
Vert Jasmin;Thé - infusion
Vert Long Ching;Thé - infusion
Vert Menthe;Thé - infusion
Vert Sencha;Thé - infusion
Vin blanc  bouteille;Vin
Vin Chaud + Pain Epices;Thé - infusion
Vin Chaud;Thé - infusion
Vin rosé bouteille;Vin
Vin rouge bouteille;Vin
WildBeer - Wild IPA;Bière - bouteille
Wittekerke - DEMI;Bière - pression
Wittekerke - GALOPIN;Bière - pression
Wittekerke - PINTE;Bière - pression
Yasamin;Bière - bouteille
Yirgacheffe;Bière - bouteille
YogiTea Fredy Mind;Soft - soda
YogiTea Licorice;Soft - soda
Zulu Time;Bière - bouteille
Zulu TIme;Bière - bouteille
